Site_ID,Row,Col,X_mm,Y_mm,Sample_Num,Delta_mV,A2_mV,R_Ohms,Rs_Ohm_sq,Rs_MOhm_sq
1,6,10,-138.0,-80.0,1,1410.0437,39.4412,35750484.0000,162035504.0000,162.0355
1,6,10,-138.0,-80.0,2,1374.2887,39.7725,34553744.0000,156611392.0000,156.6114
1,6,10,-138.0,-80.0,3,1396.2775,38.9938,35807728.0000,162294944.0000,162.2949
1,6,10,-138.0,-80.0,4,1374.4363,40.8112,33677880.0000,152641632.0000,152.6416
1,6,10,-138.0,-80.0,5,1365.5400,39.6475,34442028.0000,156105056.0000,156.1051
1,6,10,-138.0,-80.0,6,1339.3888,38.7250,34587188.0000,156762976.0000,156.7630
1,6,10,-138.0,-80.0,7,1330.5275,38.4512,34602976.0000,156834528.0000,156.8345
1,6,10,-138.0,-80.0,8,1324.8163,37.9875,34875060.0000,158067728.0000,158.0677
1,6,10,-138.0,-80.0,9,1313.8925,38.4950,34131512.0000,154697664.0000,154.6977
1,6,10,-138.0,-80.0,10,1313.1425,38.2587,34322672.0000,155564080.0000,155.5641
2,6,9,-144.0,-80.0,1,990.6275,24.5825,40298080.0000,182647024.0000,182.6470
2,6,9,-144.0,-80.0,2,991.7712,24.1562,41056508.0000,186084528.0000,186.0845
2,6,9,-144.0,-80.0,3,985.3625,23.7862,41425720.0000,187757936.0000,187.7579
2,6,9,-144.0,-80.0,4,987.1450,23.6412,41755196.0000,189251248.0000,189.2512
2,6,9,-144.0,-80.0,5,984.6050,23.5362,41833556.0000,189606416.0000,189.6064
2,6,9,-144.0,-80.0,6,982.1650,23.4000,41972864.0000,190237808.0000,190.2378
2,6,9,-144.0,-80.0,7,982.3488,23.3475,42075116.0000,190701264.0000,190.7013
2,6,9,-144.0,-80.0,8,979.5137,23.1500,42311612.0000,191773152.0000,191.7732
2,6,9,-144.0,-80.0,9,978.5513,23.0613,42432708.0000,192322016.0000,192.3220
2,6,9,-144.0,-80.0,10,977.2300,23.0162,42458264.0000,192437840.0000,192.4378
3,6,8,-150.0,-80.0,1,1013.6625,24.4337,41486164.0000,188031888.0000,188.0319
3,6,8,-150.0,-80.0,2,1021.1775,23.7625,42974332.0000,194776864.0000,194.7769
3,6,8,-150.0,-80.0,3,1026.8450,23.3987,43884608.0000,198902608.0000,198.9026
3,6,8,-150.0,-80.0,4,1061.5350,26.4375,40152628.0000,181987776.0000,181.9878
3,6,8,-150.0,-80.0,5,1099.2238,29.2537,37575484.0000,170307136.0000,170.3071
3,6,8,-150.0,-80.0,6,1159.0699,28.9737,40004144.0000,181314784.0000,181.3148
3,6,8,-150.0,-80.0,7,1189.1425,30.7062,38726400.0000,175523536.0000,175.5235
3,6,8,-150.0,-80.0,8,1258.8063,30.8300,40830568.0000,185060464.0000,185.0605
3,6,8,-150.0,-80.0,9,1232.2662,30.2412,40747864.0000,184685632.0000,184.6856
3,6,8,-150.0,-80.0,10,1240.8750,30.4750,40717800.0000,184549360.0000,184.5494
4,6,7,-156.0,-80.0,1,517.7875,16.4912,31397714.0000,142307008.0000,142.3070
4,6,7,-156.0,-80.0,2,524.7062,16.2162,32356818.0000,146654048.0000,146.6540
4,6,7,-156.0,-80.0,3,534.2687,16.0037,33383972.0000,151309520.0000,151.3095
4,6,7,-156.0,-80.0,4,538.6600,15.8425,34000948.0000,154105904.0000,154.1059
4,6,7,-156.0,-80.0,5,544.3275,15.6950,34681588.0000,157190832.0000,157.1908
4,6,7,-156.0,-80.0,6,548.5212,15.5938,35175712.0000,159430400.0000,159.4304
4,6,7,-156.0,-80.0,7,552.9163,15.5350,35591652.0000,161315616.0000,161.3156
4,6,7,-156.0,-80.0,8,558.7512,15.4450,36176836.0000,163967904.0000,163.9679
4,6,7,-156.0,-80.0,9,562.2875,15.3850,36547776.0000,165649152.0000,165.6492
4,6,7,-156.0,-80.0,10,564.6138,15.3375,36812636.0000,166849600.0000,166.8496
5,6,6,-162.0,-80.0,1,504.4337,16.0537,31421556.0000,142415072.0000,142.4151
5,6,6,-162.0,-80.0,2,517.0187,15.8238,32673592.0000,148089792.0000,148.0898
5,6,6,-162.0,-80.0,3,526.9363,15.6088,33759032.0000,153009440.0000,153.0094
5,6,6,-162.0,-80.0,4,534.8887,15.5175,34470032.0000,156231984.0000,156.2320
5,6,6,-162.0,-80.0,5,543.0463,15.4362,35179936.0000,159449552.0000,159.4496
5,6,6,-162.0,-80.0,6,550.3038,15.3562,35835820.0000,162422272.0000,162.4223
5,6,6,-162.0,-80.0,7,556.2687,15.2888,36384188.0000,164907696.0000,164.9077
5,6,6,-162.0,-80.0,8,560.5112,15.2375,36784988.0000,166724288.0000,166.7243
5,6,6,-162.0,-80.0,9,567.8375,15.1800,37406952.0000,169543280.0000,169.5433
5,6,6,-162.0,-80.0,10,572.4537,15.1538,37776376.0000,171217648.0000,171.2176
6,7,6,-162.0,-74.0,1,1350.4650,9.2275,146352208.0000,663326784.0000,663.3268
6,7,6,-162.0,-74.0,2,1350.4313,9.0200,149715216.0000,678569280.0000,678.5693
6,7,6,-162.0,-74.0,3,1353.4012,8.8663,152646416.0000,691854656.0000,691.8547
6,7,6,-162.0,-74.0,4,1356.1813,8.7638,154748992.0000,701384320.0000,701.3843
6,7,6,-162.0,-74.0,5,1360.9125,8.6313,157672704.0000,714635776.0000,714.6358
6,7,6,-162.0,-74.0,6,1363.4200,8.6250,158077712.0000,716471424.0000,716.4714
6,7,6,-162.0,-74.0,7,1365.6737,8.5663,159424928.0000,722577536.0000,722.5775
6,7,6,-162.0,-74.0,8,1368.0663,8.5400,160195120.0000,726068352.0000,726.0684
6,7,6,-162.0,-74.0,9,1372.7150,8.4400,162643968.0000,737167552.0000,737.1676
6,7,6,-162.0,-74.0,10,1375.5837,8.4138,163492352.0000,741012736.0000,741.0127
7,7,7,-156.0,-74.0,1,1315.3175,9.0113,145963936.0000,661566976.0000,661.5670
7,7,7,-156.0,-74.0,2,1305.3213,8.7312,149499952.0000,677593600.0000,677.5936
7,7,7,-156.0,-74.0,3,1300.7975,8.5063,152922544.0000,693106176.0000,693.1062
7,7,7,-156.0,-74.0,4,1296.0038,8.3863,154539136.0000,700433216.0000,700.4332
7,7,7,-156.0,-74.0,5,1296.3287,8.3088,156019712.0000,707143744.0000,707.1437
7,7,7,-156.0,-74.0,6,1298.4313,8.2312,157744128.0000,714959488.0000,714.9595
7,7,7,-156.0,-74.0,7,1300.7662,8.1838,158945008.0000,720402368.0000,720.4024
7,7,7,-156.0,-74.0,8,1301.9875,8.1050,160640064.0000,728085056.0000,728.0851
7,7,7,-156.0,-74.0,9,1303.7362,8.1075,160806192.0000,728838016.0000,728.8380
7,7,7,-156.0,-74.0,10,1310.0950,8.0463,162820560.0000,737967936.0000,737.9679
8,7,8,-150.0,-74.0,1,552.7463,2047.9375,269903.9062,1223312.5000,1.2233
8,7,8,-150.0,-74.0,2,596.6700,2047.9375,291351.6875,1320522.3750,1.3205
8,7,8,-150.0,-74.0,3,622.0950,2047.9375,303766.5937,1376791.7500,1.3768
8,7,8,-150.0,-74.0,4,655.1912,2047.9375,319927.3750,1450038.8750,1.4500
8,7,8,-150.0,-74.0,5,693.5513,2047.9375,338658.4375,1534935.5000,1.5349
8,7,8,-150.0,-74.0,6,721.0850,2047.9375,352103.0937,1595872.1250,1.5959
8,7,8,-150.0,-74.0,7,718.0187,2047.9375,350605.8125,1589085.8750,1.5891
8,7,8,-150.0,-74.0,8,728.4150,2047.9375,355682.2500,1612094.2500,1.6121
8,7,8,-150.0,-74.0,9,743.4163,2047.9375,363007.3437,1645294.5000,1.6453
8,7,8,-150.0,-74.0,10,746.2925,2047.9375,364411.7812,1651660.0000,1.6517
9,7,9,-144.0,-74.0,1,736.2288,15.1350,48644120.0000,220474608.0000,220.4746
9,7,9,-144.0,-74.0,2,738.8887,14.9537,49411608.0000,223953184.0000,223.9532
9,7,9,-144.0,-74.0,3,740.9200,14.7725,50155356.0000,227324144.0000,227.3241
9,7,9,-144.0,-74.0,4,743.7662,14.6575,50743048.0000,229987792.0000,229.9878
9,7,9,-144.0,-74.0,5,750.5463,14.5612,51544084.0000,233618416.0000,233.6184
9,7,9,-144.0,-74.0,6,751.7762,14.4938,51869000.0000,235091056.0000,235.0911
9,7,9,-144.0,-74.0,7,752.3800,14.4350,52121924.0000,236237408.0000,236.2374
9,7,9,-144.0,-74.0,8,752.8800,14.3638,52415280.0000,237567024.0000,237.5670
9,7,9,-144.0,-74.0,9,756.1962,14.3038,52866992.0000,239614368.0000,239.6144
9,7,9,-144.0,-74.0,10,759.1038,14.2587,53237752.0000,241294800.0000,241.2948
10,7,10,-138.0,-74.0,1,438.6625,47.1700,9299609.0000,42149548.0000,42.1495
10,7,10,-138.0,-74.0,2,447.4738,46.2575,9673540.0000,43844352.0000,43.8444
10,7,10,-138.0,-74.0,3,460.4862,45.5787,10103091.0000,45791252.0000,45.7913
10,7,10,-138.0,-74.0,4,466.6038,45.0213,10364078.0000,46974148.0000,46.9741
10,7,10,-138.0,-74.0,5,464.4425,44.6250,10407675.0000,47171748.0000,47.1717
10,7,10,-138.0,-74.0,6,461.4850,44.4550,10380946.0000,47050600.0000,47.0506
10,7,10,-138.0,-74.0,7,469.7662,44.4450,10569609.0000,47905696.0000,47.9057
10,7,10,-138.0,-74.0,8,468.8813,44.1538,10619285.0000,48130848.0000,48.1308
10,7,10,-138.0,-74.0,9,468.0413,43.8825,10665784.0000,48341600.0000,48.3416
10,7,10,-138.0,-74.0,10,469.4012,43.6975,10742063.0000,48687328.0000,48.6873
11,8,10,-138.0,-68.0,1,95.7800,38.4025,2494108.5000,11304298.0000,11.3043
11,8,10,-138.0,-68.0,2,107.4975,37.9000,2836345.7500,12855454.0000,12.8555
11,8,10,-138.0,-68.0,3,113.1338,37.9650,2979949.0000,13506321.0000,13.5063
11,8,10,-138.0,-68.0,4,116.6200,37.3987,3118286.2500,14133321.0000,14.1333
11,8,10,-138.0,-68.0,5,118.6888,37.3150,3180725.0000,14416318.0000,14.4163
11,8,10,-138.0,-68.0,6,117.0700,37.0175,3162558.2500,14333979.0000,14.3340
11,8,10,-138.0,-68.0,7,119.8475,37.0850,3231697.5000,14647346.0000,14.6473
11,8,10,-138.0,-68.0,8,119.5150,36.9637,3233302.7500,14654622.0000,14.6546
11,8,10,-138.0,-68.0,9,122.3538,36.8075,3324153.0000,15066391.0000,15.0664
11,8,10,-138.0,-68.0,10,123.3025,36.8837,3343003.7500,15151831.0000,15.1518
12,8,9,-144.0,-68.0,1,897.3362,24.3837,36800584.0000,166794976.0000,166.7950
12,8,9,-144.0,-68.0,2,873.8063,24.0975,36261284.0000,164350656.0000,164.3507
12,8,9,-144.0,-68.0,3,848.7037,23.7375,35753716.0000,162050144.0000,162.0501
12,8,9,-144.0,-68.0,4,824.7687,23.7425,34738076.0000,157446864.0000,157.4469
12,8,9,-144.0,-68.0,5,872.1825,23.6650,36855376.0000,167043312.0000,167.0433
12,8,9,-144.0,-68.0,6,868.0300,23.4812,36966940.0000,167548960.0000,167.5490
12,8,9,-144.0,-68.0,7,866.9800,23.5450,36822256.0000,166893200.0000,166.8932
12,8,9,-144.0,-68.0,8,858.2575,23.4788,36554652.0000,165680304.0000,165.6803
12,8,9,-144.0,-68.0,9,857.5762,23.4462,36576264.0000,165778256.0000,165.7783
12,8,9,-144.0,-68.0,10,854.1912,23.4000,36503900.0000,165450288.0000,165.4503
13,8,8,-150.0,-68.0,1,342.5262,24.2000,14153977.0000,64151488.0000,64.1515
13,8,8,-150.0,-68.0,2,360.4912,23.2625,15496667.0000,70237096.0000,70.2371
13,8,8,-150.0,-68.0,3,366.4250,23.1513,15827440.0000,71736288.0000,71.7363
13,8,8,-150.0,-68.0,4,354.1237,22.8937,15468142.0000,70107808.0000,70.1078
13,8,8,-150.0,-68.0,5,364.7375,22.7262,16049173.0000,72741272.0000,72.7413
13,8,8,-150.0,-68.0,6,353.6187,22.4487,15752270.0000,71395592.0000,71.3956
13,8,8,-150.0,-68.0,7,362.1588,22.3625,16194916.0000,73401840.0000,73.4018
13,8,8,-150.0,-68.0,8,359.0038,22.3137,16088905.0000,72921352.0000,72.9214
13,8,8,-150.0,-68.0,9,354.5500,22.1925,15976119.0000,72410160.0000,72.4102
13,8,8,-150.0,-68.0,10,361.5812,21.9850,16446725.0000,74543136.0000,74.5431
14,8,7,-156.0,-68.0,1,712.6125,12.2563,58142780.0000,263526336.0000,263.5263
14,8,7,-156.0,-68.0,2,732.2537,11.9238,61411364.0000,278340864.0000,278.3409
14,8,7,-156.0,-68.0,3,745.9138,11.6938,63787388.0000,289109952.0000,289.1100
14,8,7,-156.0,-68.0,4,760.3212,11.3975,66709476.0000,302354048.0000,302.3540
14,8,7,-156.0,-68.0,5,771.4387,11.2900,68329384.0000,309696096.0000,309.6961
14,8,7,-156.0,-68.0,6,778.4000,11.2100,69438008.0000,314720832.0000,314.7208
14,8,7,-156.0,-68.0,7,779.2925,11.1250,70048760.0000,317489024.0000,317.4890
14,8,7,-156.0,-68.0,8,784.3237,11.0513,70971496.0000,321671232.0000,321.6712
14,8,7,-156.0,-68.0,9,787.8600,11.0013,71615496.0000,324590080.0000,324.5901
14,8,7,-156.0,-68.0,10,786.5837,10.9563,71793160.0000,325395328.0000,325.3953
15,8,6,-162.0,-68.0,1,984.9437,15.4462,63765880.0000,289012480.0000,289.0125
15,8,6,-162.0,-68.0,2,1013.7687,14.8363,68330528.0000,309701280.0000,309.7013
15,8,6,-162.0,-68.0,3,1046.3199,14.3500,72914280.0000,330476704.0000,330.4767
15,8,6,-162.0,-68.0,4,1064.7075,14.0337,75867648.0000,343862528.0000,343.8625
15,8,6,-162.0,-68.0,5,1079.4775,13.8075,78180520.0000,354345408.0000,354.3454
15,8,6,-162.0,-68.0,6,1087.5463,13.5800,80084416.0000,362974624.0000,362.9746
15,8,6,-162.0,-68.0,7,1104.2075,13.4712,81967712.0000,371510464.0000,371.5105
15,8,6,-162.0,-68.0,8,1106.6112,13.3138,83117920.0000,376723680.0000,376.7237
15,8,6,-162.0,-68.0,9,1110.6550,13.1850,84236264.0000,381792448.0000,381.7924
15,8,6,-162.0,-68.0,10,1114.8950,13.1062,85065912.0000,385552736.0000,385.5527
16,9,6,-162.0,-62.0,1,1045.9287,15.7863,66255684.0000,300297280.0000,300.2973
16,9,6,-162.0,-62.0,2,1061.7013,15.1763,69958072.0000,317077984.0000,317.0780
16,9,6,-162.0,-62.0,3,1070.8824,14.8338,72192296.0000,327204384.0000,327.2044
16,9,6,-162.0,-62.0,4,1082.2412,14.4913,74682400.0000,338490528.0000,338.4905
16,9,6,-162.0,-62.0,5,1087.1274,14.1575,76788096.0000,348034368.0000,348.0344
16,9,6,-162.0,-62.0,6,1094.4425,13.9313,78560264.0000,356066560.0000,356.0666
16,9,6,-162.0,-62.0,7,1094.2075,13.8825,78819192.0000,357240128.0000,357.2401
16,9,6,-162.0,-62.0,8,1100.2438,13.6412,80655648.0000,365563680.0000,365.5637
16,9,6,-162.0,-62.0,9,1102.8525,13.5463,81413864.0000,369000192.0000,369.0002
16,9,6,-162.0,-62.0,10,1104.1600,13.4238,82254216.0000,372809024.0000,372.8090
17,9,7,-156.0,-62.0,1,731.0388,18.3775,39779012.0000,180294400.0000,180.2944
17,9,7,-156.0,-62.0,2,760.3013,17.7288,42885216.0000,194372960.0000,194.3730
17,9,7,-156.0,-62.0,3,782.2587,17.2462,45358192.0000,205581472.0000,205.5815
17,9,7,-156.0,-62.0,4,793.3475,16.9962,46677800.0000,211562464.0000,211.5625
17,9,7,-156.0,-62.0,5,799.8337,16.8925,47348456.0000,214602144.0000,214.6021
17,9,7,-156.0,-62.0,6,801.5250,16.7437,47870104.0000,216966464.0000,216.9665
17,9,7,-156.0,-62.0,7,807.4475,16.6375,48531784.0000,219965472.0000,219.9655
17,9,7,-156.0,-62.0,8,810.8500,16.5025,49134980.0000,222699392.0000,222.6994
17,9,7,-156.0,-62.0,9,807.0938,16.4112,49179304.0000,222900288.0000,222.9003
17,9,7,-156.0,-62.0,10,807.6850,16.4575,49077016.0000,222436672.0000,222.4367
18,9,8,-150.0,-62.0,1,58.2537,101.2700,575232.1250,2607182.2500,2.6072
18,9,8,-150.0,-62.0,2,59.0250,99.7100,591966.7500,2683030.2500,2.6830
18,9,8,-150.0,-62.0,3,60.1937,98.0663,613807.0000,2782019.0000,2.7820
18,9,8,-150.0,-62.0,4,61.7088,97.3775,633706.5000,2872211.5000,2.8722
18,9,8,-150.0,-62.0,5,63.3662,96.8400,654339.6250,2965729.0000,2.9657
18,9,8,-150.0,-62.0,6,62.4475,96.4463,647485.0000,2934661.0000,2.9347
18,9,8,-150.0,-62.0,7,57.2800,96.0162,596565.6875,2703874.5000,2.7039
18,9,8,-150.0,-62.0,8,61.7938,95.1488,649443.6875,2943538.7500,2.9435
18,9,8,-150.0,-62.0,9,61.3650,94.9550,646253.5000,2929079.5000,2.9291
18,9,8,-150.0,-62.0,10,65.5625,94.9112,690776.9375,3130877.5000,3.1309
19,9,9,-144.0,-62.0,1,462.0125,62.6425,7375384.5000,33428194.0000,33.4282
19,9,9,-144.0,-62.0,2,454.0175,61.7725,7349833.0000,33312384.0000,33.3124
19,9,9,-144.0,-62.0,3,450.7925,61.1300,7374325.5000,33423394.0000,33.4234
19,9,9,-144.0,-62.0,4,449.1700,60.8375,7383111.0000,33463214.0000,33.4632
19,9,9,-144.0,-62.0,5,445.8412,60.3937,7382242.0000,33459274.0000,33.4593
19,9,9,-144.0,-62.0,6,440.9088,59.9250,7357676.5000,33347934.0000,33.3479
19,9,9,-144.0,-62.0,7,440.2050,59.7363,7369143.5000,33399906.0000,33.3999
19,9,9,-144.0,-62.0,8,439.1650,59.6375,7363907.5000,33376176.0000,33.3762
19,9,9,-144.0,-62.0,9,438.4562,59.2788,7396516.5000,33523972.0000,33.5240
19,9,9,-144.0,-62.0,10,437.3287,58.9000,7424936.0000,33652780.0000,33.6528
20,9,10,-138.0,-62.0,1,387.5825,76.3812,5074315.0000,22998826.0000,22.9988
20,9,10,-138.0,-62.0,2,381.5187,75.3063,5066229.5000,22962180.0000,22.9622
20,9,10,-138.0,-62.0,3,377.0850,74.5100,5060864.5000,22937862.0000,22.9379
20,9,10,-138.0,-62.0,4,374.5925,73.9425,5065998.0000,22961130.0000,22.9611
20,9,10,-138.0,-62.0,5,373.8675,73.3950,5093910.0000,23087638.0000,23.0876
20,9,10,-138.0,-62.0,6,371.7925,73.1150,5085038.0000,23047426.0000,23.0474
20,9,10,-138.0,-62.0,7,370.5187,72.7500,5093041.0000,23083700.0000,23.0837
20,9,10,-138.0,-62.0,8,368.8813,72.3962,5095309.5000,23093982.0000,23.0940
20,9,10,-138.0,-62.0,9,367.8337,71.9425,5112885.5000,23173642.0000,23.1736
20,9,10,-138.0,-62.0,10,366.1050,71.7650,5101442.5000,23121778.0000,23.1218
21,10,10,-138.0,-56.0,1,527.7075,29.3463,17982110.0000,81502120.0000,81.5021
21,10,10,-138.0,-56.0,2,556.3337,28.6650,19408120.0000,87965368.0000,87.9654
21,10,10,-138.0,-56.0,3,575.6300,28.0587,20515170.0000,92982960.0000,92.9830
21,10,10,-138.0,-56.0,4,587.0312,27.6550,21226950.0000,96209032.0000,96.2090
21,10,10,-138.0,-56.0,5,594.0750,27.3337,21734122.0000,98507736.0000,98.5077
21,10,10,-138.0,-56.0,6,595.3750,26.9550,22087738.0000,100110464.0000,100.1105
21,10,10,-138.0,-56.0,7,604.6900,26.8113,22553592.0000,102221904.0000,102.2219
21,10,10,-138.0,-56.0,8,608.0200,26.5662,22886936.0000,103732752.0000,103.7328
21,10,10,-138.0,-56.0,9,611.0413,26.5587,23007156.0000,104277640.0000,104.2776
21,10,10,-138.0,-56.0,10,609.6512,26.3263,23157544.0000,104959256.0000,104.9593
22,10,9,-144.0,-56.0,1,448.5875,45.3725,9886770.0000,44810796.0000,44.8108
22,10,9,-144.0,-56.0,2,500.7700,44.1900,11332204.0000,51362084.0000,51.3621
22,10,9,-144.0,-56.0,3,531.8538,43.2612,12294000.0000,55721328.0000,55.7213
22,10,9,-144.0,-56.0,4,548.6362,42.6838,12853515.0000,58257272.0000,58.2573
22,10,9,-144.0,-56.0,5,556.7350,42.3850,13135191.0000,59533940.0000,59.5339
22,10,9,-144.0,-56.0,6,563.4950,42.1125,13380707.0000,60646720.0000,60.6467
22,10,9,-144.0,-56.0,7,566.7750,41.8800,13533310.0000,61338376.0000,61.3384
22,10,9,-144.0,-56.0,8,571.3250,41.5500,13750303.0000,62321876.0000,62.3219
22,10,9,-144.0,-56.0,9,574.6725,41.2950,13916274.0000,63074124.0000,63.0741
22,10,9,-144.0,-56.0,10,575.6350,41.1725,13981055.0000,63367736.0000,63.3677
23,10,8,-150.0,-56.0,1,93.9000,99.2962,945655.0625,4286087.0000,4.2861
23,10,8,-150.0,-56.0,2,68.8225,97.1038,708752.2500,3212348.7500,3.2123
23,10,8,-150.0,-56.0,3,67.0912,95.9225,699431.8125,3170104.7500,3.1701
23,10,8,-150.0,-56.0,4,60.9775,94.4600,645537.8125,2925835.7500,2.9258
23,10,8,-150.0,-56.0,5,52.6312,93.5663,562502.5000,2549486.5000,2.5495
23,10,8,-150.0,-56.0,6,53.8613,92.7475,580730.0000,2632100.7500,2.6321
23,10,8,-150.0,-56.0,7,50.8387,92.0250,552444.9375,2503901.5000,2.5039
23,10,8,-150.0,-56.0,8,49.6087,91.1900,544015.2500,2465694.7500,2.4657
23,10,8,-150.0,-56.0,9,45.1362,90.6913,497691.3437,2255736.2500,2.2557
23,10,8,-150.0,-56.0,10,45.4425,90.0362,504713.4062,2287563.0000,2.2876
24,10,7,-156.0,-56.0,1,125.7875,46.1862,2723484.0000,12343919.0000,12.3439
24,10,7,-156.0,-56.0,2,113.4812,45.4388,2497455.2500,11319467.0000,11.3195
24,10,7,-156.0,-56.0,3,101.1450,44.5650,2269606.2500,10286764.0000,10.2868
24,10,7,-156.0,-56.0,4,90.6575,44.2337,2049509.7500,9289198.0000,9.2892
24,10,7,-156.0,-56.0,5,88.4725,43.9175,2014516.1250,9130593.0000,9.1306
24,10,7,-156.0,-56.0,6,82.4350,43.4125,1898877.2500,8606471.0000,8.6065
24,10,7,-156.0,-56.0,7,88.1175,43.0913,2044904.7500,9268327.0000,9.2683
24,10,7,-156.0,-56.0,8,88.5800,42.8587,2066789.2500,9367516.0000,9.3675
24,10,7,-156.0,-56.0,9,85.0713,42.7125,1991717.8750,9027262.0000,9.0273
24,10,7,-156.0,-56.0,10,82.1650,42.5462,1931192.5000,8752937.0000,8.7529
25,10,6,-162.0,-56.0,1,1031.3087,19.4187,53108920.0000,240710880.0000,240.7109
25,10,6,-162.0,-56.0,2,1008.4763,18.5525,54357976.0000,246372096.0000,246.3721
25,10,6,-162.0,-56.0,3,1015.1525,18.1388,55965964.0000,253660144.0000,253.6601
25,10,6,-162.0,-56.0,4,999.5687,18.0500,55377768.0000,250994208.0000,250.9942
25,10,6,-162.0,-56.0,5,965.6275,17.9300,53855412.0000,244094272.0000,244.0943
25,10,6,-162.0,-56.0,6,966.9512,17.8400,54201304.0000,245662000.0000,245.6620
25,10,6,-162.0,-56.0,7,954.1425,17.7325,53807560.0000,243877392.0000,243.8774
25,10,6,-162.0,-56.0,8,942.9850,17.7325,53178348.0000,241025552.0000,241.0256
25,10,6,-162.0,-56.0,9,960.9288,17.6112,54563348.0000,247302928.0000,247.3029
25,10,6,-162.0,-56.0,10,967.9412,17.4975,55318836.0000,250727104.0000,250.7271
