Node_ID,Row,Col,X_mm,Y_mm,Delta_mV,A3_mV,R_Ohms,Rs_Ohm_sq
1,1,1,-186.0,-86.0,0.0419,0.0000,0.0004,0.0019
2,1,2,-177.1,-86.0,0.0459,0.0000,0.0005,0.0021
3,1,3,-168.2,-86.0,0.0513,0.0000,0.0005,0.0023
4,1,4,-159.3,-86.0,0.0525,0.0000,0.0005,0.0024
5,1,5,-150.4,-86.0,0.0491,0.0000,0.0005,0.0022
6,1,6,-141.6,-86.0,0.0558,0.0000,0.0006,0.0025
7,1,7,-132.7,-86.0,0.0552,0.0000,0.0006,0.0025
8,1,8,-123.8,-86.0,0.0611,0.0000,0.0006,0.0028
9,1,9,-114.9,-86.0,0.0572,0.0000,0.0006,0.0026
10,1,10,-106.0,-86.0,0.0586,0.0000,0.0006,0.0027
11,2,1,-186.0,-77.1,0.0480,0.0000,0.0005,0.0022
12,2,2,-177.1,-77.1,0.0475,0.0000,0.0005,0.0022
13,2,3,-168.2,-77.1,0.0509,0.0000,0.0005,0.0023
14,2,4,-159.3,-77.1,0.0497,0.0000,0.0005,0.0023
15,2,5,-150.4,-77.1,0.0495,0.0000,0.0005,0.0022
16,2,6,-141.6,-77.1,0.0519,0.0000,0.0005,0.0024
17,2,7,-132.7,-77.1,0.0508,0.0000,0.0005,0.0023
18,2,8,-123.8,-77.1,0.0530,0.0000,0.0005,0.0024
19,2,9,-114.9,-77.1,0.0542,0.0000,0.0005,0.0025
20,2,10,-106.0,-77.1,0.0584,0.0000,0.0006,0.0026
21,3,1,-186.0,-68.2,0.0538,0.0000,0.0005,0.0024
22,3,2,-177.1,-68.2,0.0525,0.0000,0.0005,0.0024
23,3,3,-168.2,-68.2,0.0548,0.0000,0.0005,0.0025
24,3,4,-159.3,-68.2,0.0481,0.0000,0.0005,0.0022
25,3,5,-150.4,-68.2,0.0494,0.0000,0.0005,0.0022
26,3,6,-141.6,-68.2,0.0530,0.0000,0.0005,0.0024
27,3,7,-132.7,-68.2,0.0487,0.0000,0.0005,0.0022
28,3,8,-123.8,-68.2,0.0475,0.0000,0.0005,0.0022
29,3,9,-114.9,-68.2,0.0541,0.0000,0.0005,0.0025
30,3,10,-106.0,-68.2,0.0584,0.0000,0.0006,0.0026
31,4,1,-186.0,-59.3,0.0575,0.0000,0.0006,0.0026
32,4,2,-177.1,-59.3,0.0589,0.0000,0.0006,0.0027
33,4,3,-168.2,-59.3,0.0556,0.0000,0.0006,0.0025
34,4,4,-159.3,-59.3,0.0527,0.0000,0.0005,0.0024
35,4,5,-150.4,-59.3,0.0550,0.0000,0.0005,0.0025
36,4,6,-141.6,-59.3,0.0573,0.0000,0.0006,0.0026
37,4,7,-132.7,-59.3,0.0570,0.0000,0.0006,0.0026
38,4,8,-123.8,-59.3,0.0589,0.0000,0.0006,0.0027
39,4,9,-114.9,-59.3,0.0547,0.0000,0.0005,0.0025
40,4,10,-106.0,-59.3,0.0583,0.0000,0.0006,0.0026
41,5,1,-186.0,-50.4,0.0575,0.0000,0.0006,0.0026
42,5,2,-177.1,-50.4,0.0516,0.0000,0.0005,0.0023
43,5,3,-168.2,-50.4,0.0539,0.0000,0.0005,0.0024
44,5,4,-159.3,-50.4,0.0519,0.0000,0.0005,0.0024
45,5,5,-150.4,-50.4,0.0514,0.0000,0.0005,0.0023
46,5,6,-141.6,-50.4,0.0547,0.0000,0.0005,0.0025
47,5,7,-132.7,-50.4,0.0564,0.0000,0.0006,0.0026
48,5,8,-123.8,-50.4,0.0572,0.0000,0.0006,0.0026
49,5,9,-114.9,-50.4,0.0562,0.0000,0.0006,0.0025
50,5,10,-106.0,-50.4,0.0613,0.0000,0.0006,0.0028
51,6,1,-186.0,-41.6,0.0600,0.0000,0.0006,0.0027
52,6,2,-177.1,-41.6,0.0531,0.0000,0.0005,0.0024
53,6,3,-168.2,-41.6,0.0562,0.0000,0.0006,0.0025
54,6,4,-159.3,-41.6,0.0533,0.0000,0.0005,0.0024
55,6,5,-150.4,-41.6,0.0570,0.0000,0.0006,0.0026
56,6,6,-141.6,-41.6,0.0566,0.0000,0.0006,0.0026
57,6,7,-132.7,-41.6,0.0541,0.0000,0.0005,0.0025
58,6,8,-123.8,-41.6,0.0552,0.0000,0.0006,0.0025
59,6,9,-114.9,-41.6,0.0567,0.0000,0.0006,0.0026
60,6,10,-106.0,-41.6,0.0603,0.0000,0.0006,0.0027
61,7,1,-186.0,-32.7,0.0556,0.0000,0.0006,0.0025
62,7,2,-177.1,-32.7,0.0564,0.0000,0.0006,0.0026
63,7,3,-168.2,-32.7,0.0545,0.0000,0.0005,0.0025
64,7,4,-159.3,-32.7,0.0516,0.0000,0.0005,0.0023
65,7,5,-150.4,-32.7,0.0558,0.0000,0.0006,0.0025
66,7,6,-141.6,-32.7,0.0531,0.0000,0.0005,0.0024
67,7,7,-132.7,-32.7,0.0536,0.0000,0.0005,0.0024
68,7,8,-123.8,-32.7,0.0559,0.0000,0.0006,0.0025
69,7,9,-114.9,-32.7,0.0581,0.0000,0.0006,0.0026
70,7,10,-106.0,-32.7,0.0638,0.0000,0.0006,0.0029
71,8,1,-186.0,-23.8,0.0573,0.0000,0.0006,0.0026
72,8,2,-177.1,-23.8,0.0566,0.0000,0.0006,0.0026
73,8,3,-168.2,-23.8,0.0572,0.0000,0.0006,0.0026
74,8,4,-159.3,-23.8,0.0527,0.0000,0.0005,0.0024
75,8,5,-150.4,-23.8,0.0588,0.0000,0.0006,0.0027
76,8,6,-141.6,-23.8,0.0583,0.0000,0.0006,0.0026
77,8,7,-132.7,-23.8,0.0603,0.0000,0.0006,0.0027
78,8,8,-123.8,-23.8,0.0564,0.0000,0.0006,0.0026
79,8,9,-114.9,-23.8,0.0553,0.0000,0.0006,0.0025
80,8,10,-106.0,-23.8,0.0653,0.0000,0.0007,0.0030
81,9,1,-186.0,-14.9,0.0541,0.0000,0.0005,0.0025
82,9,2,-177.1,-14.9,0.0545,0.0000,0.0005,0.0025
83,9,3,-168.2,-14.9,0.0539,0.0000,0.0005,0.0024
84,9,4,-159.3,-14.9,0.0528,0.0000,0.0005,0.0024
85,9,5,-150.4,-14.9,0.0578,0.0000,0.0006,0.0026
86,9,6,-141.6,-14.9,0.0531,0.0000,0.0005,0.0024
87,9,7,-132.7,-14.9,0.0597,0.0000,0.0006,0.0027
88,9,8,-123.8,-14.9,0.0562,0.0000,0.0006,0.0025
89,9,9,-114.9,-14.9,0.0562,0.0000,0.0006,0.0025
90,9,10,-106.0,-14.9,0.0583,0.0000,0.0006,0.0026
91,10,1,-186.0,-6.0,0.0584,0.0000,0.0006,0.0026
92,10,2,-177.1,-6.0,0.0538,0.0000,0.0005,0.0024
93,10,3,-168.2,-6.0,0.0555,0.0000,0.0006,0.0025
94,10,4,-159.3,-6.0,0.0555,0.0000,0.0006,0.0025
95,10,5,-150.4,-6.0,0.0547,0.0000,0.0005,0.0025
96,10,6,-141.6,-6.0,0.0548,0.0000,0.0005,0.0025
97,10,7,-132.7,-6.0,0.0542,0.0000,0.0005,0.0025
98,10,8,-123.8,-6.0,0.0545,0.0000,0.0005,0.0025
99,10,9,-114.9,-6.0,0.0527,0.0000,0.0005,0.0024
100,10,10,-106.0,-6.0,0.0578,0.0000,0.0006,0.0026
