Node_ID,Row,Col,X_mm,Y_mm,Delta_mV,A2_mV,R_Ohms,Rs_Ohm_sq,Rs_MOhm_sq
1,1,1,-162,-110,1000.0938,755.0112,1324608,6003653.5,6.0037
2,1,2,-156,-110,1140.8113,1925.5725,592453.0625,2685234.25,2.6852
3,1,3,-150,-110,1117.6425,1452.475,769474.5625,3487566.5,3.4876
4,1,4,-144,-110,1085.0062,1401.04,774429.125,3510022.75,3.51
5,1,5,-138,-110,1039.9825,1595.9537,651637.0625,2953480,2.9535
6,2,9,-126,-104,927.1613,1199.2788,773099,3503994,3.504
7,2,8,-132,-104,1060.2125,766.8513,1382553.125,6266284,6.2663
8,2,7,-138,-104,931.3038,1954.2125,476562.1562,2159970.5,2.16
9,2,6,-144,-104,978.5488,2001.345,488945.625,2216097.25,2.2161
10,2,5,-150,-104,727.5125,2047.9375,355241.5937,1610097,1.6101
11,2,4,-156,-104,848.4825,2045.4137,414821.9687,1880139.125,1.8801
12,2,3,-162,-104,743.1462,614.7,1208957.625,5479479.5,5.4795
13,2,2,-168,-104,434.6437,343.745,1264436.5,5730932,5.7309
14,2,1,-174,-104,2047.9375,-73.19,nan,nan,nan
15,3,1,-180,-98,2047.9375,-77.3975,nan,nan,nan
16,3,2,-174,-98,227.1113,767.01,296099.4687,1342041.25,1.342
17,3,3,-168,-98,463.84,275.9138,1681105.125,7619441,7.6194
18,3,4,-162,-98,660.9688,744.2562,888093.125,4025193.5,4.0252
19,3,5,-156,-98,657.185,1912.0713,343703.1875,1557800.375,1.5578
20,3,6,-150,-98,1071.7037,2047.9375,523308.8437,2371845,2.3718
21,3,7,-144,-98,563.0237,216.8038,2596928,11770317,11.7703
22,3,8,-138,-98,803.605,801.6987,1002377.813,4543177.5,4.5432
23,3,9,-132,-98,683.0363,643.7925,1060957.125,4808682,4.8087
24,3,10,-126,-98,750.005,266.6038,2813182.5,12750469,12.7505
25,3,11,-120,-98,639.8563,162.8587,3928903.25,17807362,17.8074
26,4,13,-114,-92,859.0538,53.8162,15962721,72349440,72.3494
27,4,12,-120,-92,1606.4888,24.515,65530852,297012032,297.012
28,4,11,-126,-92,768.125,42.7262,17977826,81482704,81.4827
29,4,10,-132,-92,97.0462,159.1725,609692.375,2763369.75,2.7634
30,4,9,-138,-92,1055.9062,437.0525,2415971.5,10950150,10.9502
31,4,8,-144,-92,633.5737,405.1975,1563617.125,7086938.5,7.0869
32,4,7,-150,-92,208.2038,1245.4788,167167.6562,757670.6875,0.7577
33,4,6,-156,-92,686.93,1110.9237,618341.3125,2802570.25,2.8026
34,4,5,-162,-92,361.7487,192.4725,1879482.875,8518568,8.5186
35,4,4,-168,-92,335.2412,142.015,2360604.5,10699204,10.6992
36,4,3,-174,-92,383.1437,124.9112,3067327.75,13902357,13.9024
37,4,2,-180,-92,420.9075,31.53,13349430,60504960,60.505
38,4,1,-186,-92,347.5787,2042.5074,170172.5781,771290.1875,0.7713
39,5,1,-186,-86,816.7775,-7.9225,103095944,467272064,467.2721
40,5,2,-180,-86,448.1338,41.3512,10837248,49118744,49.1187
41,5,3,-174,-86,631.055,64.1525,9836796,44584296,44.5843
42,5,4,-168,-86,734.22,323.6913,2268272.75,10280720,10.2807
43,5,5,-162,-86,467.0975,18.2525,25590876,115988088,115.9881
44,5,6,-156,-86,445.1875,66.9713,6647442.5,30128870,30.1289
45,5,7,-150,-86,1071.605,131.5587,8145449,36918436,36.9184
46,5,8,-144,-86,864.5137,113.585,7611161,34496828,34.4968
47,5,9,-138,-86,919.4813,180.0388,5107130,23147556,23.1476
48,5,10,-132,-86,935.18,-42.375,22069144,100026192,100.0262
49,5,11,-126,-86,925.765,-51.8713,17847364,80891392,80.8914
50,5,12,-120,-86,1107.4,16.2275,68242184,309300896,309.3009
51,5,13,-114,-86,1184.6763,53.3875,22190144,100574608,100.5746
52,6,15,-108,-80,1136.7712,226.2312,5024820,22774494,22.7745
53,6,14,-114,-80,7.3338,76.3925,96000.914,435114.5625,0.4351
54,6,13,-120,-80,1453.2688,123.24,11792185,53446900,53.4469
55,6,12,-126,-80,795.9913,-43.1162,18461516,83674976,83.675
56,6,11,-132,-80,1131.4237,-55.7612,20290502,91964672,91.9647
57,6,10,-138,-80,905.7,-54.8725,16505536,74809696,74.8097
58,6,9,-144,-80,1202.8125,-50.8325,23662276,107246904,107.2469
59,6,8,-150,-80,1142.5325,-32.25,35427368,160571008,160.571
60,6,7,-156,-80,1124.7476,-37.275,30174316,136762080,136.7621
61,6,6,-162,-80,1205.3762,-46.6375,25845644,117142800,117.1428
62,6,5,-168,-80,711.8738,-33.2175,21430688,97132456,97.1325
63,6,4,-174,-80,765.7838,-48.65,15740673,71343032,71.343
64,6,3,-180,-80,505.47,-52.9525,9545726,43265048,43.265
65,6,2,-186,-80,343.2662,-14.2688,24057204,109036872,109.0369
66,6,1,-192,-80,542.6788,91.5225,5929457.5,26874674,26.8747
67,7,1,-192,-74,1069.7476,63.5363,16836808,76311152,76.3112
68,7,2,-186,-74,438.45,-20.4513,21438790,97169176,97.1692
69,7,3,-180,-74,858.0162,-87.9062,9760583,44238868,44.2389
70,7,4,-174,-74,1163.0875,-127.6963,9108237,41282176,41.2822
71,7,5,-168,-74,1534.4788,-118.08,12995247,58899660,58.8997
72,7,6,-162,-74,1312.5587,-50.7238,25876612,117283160,117.2832
73,7,7,-156,-74,2000.1412,-56.225,35573880,161235056,161.2351
74,7,8,-150,-74,622.815,2047.9375,304118.1875,1378385.375,1.3784
75,7,9,-144,-74,941.4062,-48.4412,19433980,88082576,88.0826
76,7,10,-138,-74,753.155,-28.65,26288136,119148352,119.1484
77,7,11,-132,-74,842.2812,3.1675,265913584,1205226752,1205.2268
78,7,12,-126,-74,1074.5074,45.8362,23442306,106249912,106.2499
79,7,13,-120,-74,982.77,-50.3025,19537202,88550416,88.5504
80,7,14,-114,-74,768.3013,110.7213,6939059,31450592,31.4506
81,7,15,-108,-74,1450.0363,8.5712,169174416,766766144,766.7661
82,8,15,-108,-68,893.7188,-32.0475,27887318,126396480,126.3965
83,8,14,-114,-68,531.5413,-11.535,46080736,208856336,208.8563
84,8,13,-120,-68,365.5688,51.9375,7038629,31901884,31.9019
85,8,12,-126,-68,1100.77,71.7113,15350034,69572496,69.5725
86,8,11,-132,-68,1086.3375,-22.46,48367660,219221584,219.2216
87,8,10,-138,-68,863.1125,-12.5875,68569016,310782208,310.7822
88,8,9,-144,-68,872.8912,-6.2625,139383840,631743360,631.7434
89,8,8,-150,-68,938.105,-48.5438,19324940,87588360,87.5884
90,8,7,-156,-68,1800.2825,-59.0913,30466144,138084752,138.0848
91,8,6,-162,-68,1462.7688,-77.2113,18945022,85866424,85.8664
92,8,5,-168,-68,1903.3337,-94.0312,20241502,91742584,91.7426
93,8,4,-174,-68,1544.36,-103.3438,14943914,67731800,67.7318
94,8,3,-180,-68,948.5925,-79.7213,11898868,53930432,53.9304
95,8,2,-186,-68,462.8412,-40.9137,11312609,51273272,51.2733
96,8,1,-192,-68,786.1937,-22.4513,35017820,158714768,158.7148
97,9,1,-192,-62,597.1875,-51.7,11551016,52353828,52.3538
98,9,2,-186,-62,1346.385,-73.6862,18271864,82815400,82.8154
99,9,3,-180,-62,1560.275,-52.0262,29990152,135927376,135.9274
100,9,4,-174,-62,1833.1713,-67.7225,27068866,122686928,122.6869
101,9,5,-168,-62,1841.2574,-73.5275,25041754,113499248,113.4992
102,9,6,-162,-62,1005.8762,-71.3438,14099011,63902360,63.9024
103,9,7,-156,-62,1093.1438,-61.35,17818156,80759016,80.759
104,9,8,-150,-62,1114.6324,22.1313,50364640,228272704,228.2727
105,9,9,-144,-62,1120.4725,-28.4537,39378732,178480176,178.4802
106,9,10,-138,-62,782.3362,-21.9775,35597144,161340496,161.3405
107,9,11,-132,-62,998.8575,-41.3125,24178096,109584808,109.5848
108,9,12,-126,-62,1094.1375,-33.485,32675456,148098240,148.0982
109,9,13,-120,-62,1120.1162,-28.8113,38877736,176209456,176.2095
110,9,14,-114,-62,1119.8213,0.9225,1213898368,nan,nan
111,9,15,-108,-62,844.3237,-42.865,19697276,89275936,89.2759
112,10,15,-108,-56,1244.1763,-36.5775,34014800,154168688,154.1687
113,10,14,-114,-56,975.79,-19.1325,51001700,231160112,231.1601
114,10,13,-120,-56,818.77,-22.8087,35897192,162700432,162.7004
115,10,12,-126,-56,943.2075,-45.25,20844368,94475016,94.475
116,10,11,-132,-56,1232.6987,-57.5175,21431716,97137112,97.1371
117,10,10,-138,-56,1315.475,-64.615,20358664,92273608,92.2736
118,10,9,-144,-56,1270.2013,-61.15,20771892,94146528,94.1465
119,10,8,-150,-56,1067.77,-59.1712,18045422,81789072,81.7891
120,10,7,-156,-56,1270.5737,-81.9962,15495511,70231856,70.2319
121,10,6,-162,-56,1452.7325,-94.2438,15414630,69865272,69.8653
122,10,5,-168,-56,1444.125,-109.2662,13216570,59902784,59.9028
123,10,4,-174,-56,2047.9375,-90.6513,nan,nan,nan
124,10,3,-180,-56,1915.8488,-67.9287,28203802,127830912,127.8309
125,10,2,-186,-56,1146.1851,-78.8863,14529593,65853928,65.8539
126,10,1,-192,-56,970.675,-52.495,18490810,83807752,83.8078
127,11,1,-186,-50,1891.61,-57.1237,33114248,150087024,150.087
128,11,2,-180,-50,1055.775,-57.545,18346948,83155712,83.1557
129,11,3,-174,-50,2047.9375,-60.4225,nan,nan,nan
130,11,4,-168,-50,2047.9375,-39.13,nan,nan,nan
131,11,5,-162,-50,1699.3525,-66.6975,25478504,115478776,115.4788
132,11,6,-156,-50,1593.9025,-72.2662,22055974,99966496,99.9665
133,11,7,-150,-50,1711.3888,-68.1312,25119002,113849368,113.8494
134,11,8,-144,-50,1596.1438,-70.8187,22538436,102153208,102.1532
135,11,9,-138,-50,1869.01,-63.5812,29395618,133232704,133.2327
136,11,10,-132,-50,1665.2937,-57.4087,29007664,131474344,131.4743
137,11,11,-126,-50,899.0975,-34.2212,26273078,119080104,119.0801
138,11,12,-120,-50,1327.4125,-13.245,100219896,454236672,454.2367
139,11,13,-114,-50,1479.11,-53.3125,27744152,125747600,125.7476
140,12,13,-114,-44,2047.9375,-58.1975,nan,nan,nan
141,12,12,-120,-44,1066.0962,1.56,683395008,3097419520,3097.4195
142,12,11,-126,-44,1114.225,43.0563,25878356,117291064,117.2911
143,12,10,-132,-44,1676.5637,-42.7487,39219016,177756272,177.7563
144,12,9,-138,-44,1773.4399,-53.175,33351012,151160128,151.1601
145,12,8,-144,-44,1752.9087,-52.98,33086238,149960064,149.9601
146,12,7,-150,-44,1910.6262,-56.8787,33591216,152248832,152.2488
147,12,6,-156,-44,1985.7325,-58.095,34180784,154920992,154.921
148,12,5,-162,-44,2047.9375,-61.4688,nan,nan,nan
149,12,4,-168,-44,2047.9375,-59.4313,nan,nan,nan
150,12,3,-174,-44,2047.9375,-22.7563,nan,nan,nan
151,12,2,-180,-44,1654.0325,-62.4388,26490482,120065464,120.0655
152,12,1,-186,-44,2047.9375,-102.8025,nan,nan,nan
153,13,1,-180,-38,1633.6562,-66.25,24658966,111764304,111.7643
154,13,2,-174,-38,2047.9375,-61.4813,nan,nan,nan
155,13,3,-168,-38,2047.9375,-57.275,nan,nan,nan
156,13,4,-162,-38,2028.0699,-52.1538,38886368,176248576,176.2486
157,13,5,-156,-38,2047.9375,-57.2212,nan,nan,nan
158,13,6,-150,-38,2047.9375,-65.6612,nan,nan,nan
159,13,7,-144,-38,1335.5262,-65.9725,20243680,91752456,91.7525
160,13,8,-138,-38,892.0938,-48.3812,18438834,83572176,83.5722
161,13,9,-132,-38,1307.36,2.7237,479985312,2175485440,2175.4854
162,13,10,-126,-38,755.3688,-26.8987,28081928,127278536,127.2785
163,13,11,-120,-38,2047.9375,-52.3225,nan,nan,nan
164,14,9,-126,-32,2047.9375,-51.5862,nan,nan,nan
165,14,8,-132,-32,971.4725,-34.0588,28523434,129279616,129.2796
166,14,7,-138,-32,1418.2262,50.6562,27997062,126893888,126.8939
167,14,6,-144,-32,1193.6987,-37.195,32092990,145458272,145.4583
168,14,5,-150,-32,1974.9375,-52.4825,37630404,170556048,170.556
169,14,4,-156,-32,2047.9375,-47.4925,nan,nan,nan
170,14,3,-162,-32,2047.9375,-52.535,nan,nan,nan
171,14,2,-168,-32,2047.9375,-42.8312,nan,nan,nan
172,14,1,-174,-32,2047.9375,-67.245,nan,nan,nan
173,15,1,-162,-26,2047.9375,-48.1937,nan,nan,nan
174,15,2,-156,-26,2026.4463,-40.0488,50599484,229337104,229.3371
175,15,3,-150,-26,1814.0288,-34.78,52157244,236397504,236.3975
176,15,4,-144,-26,1386.9725,-12.2925,112830800,511394336,511.3943
177,15,5,-138,-26,819.0338,241.04,3397916.5,15400717,15.4007
