Point,X (mm),Y (mm),Z (mm),Thickness (nm),Ge (Weight %),Te (Weight %),Sb (Weight %),Ge (Stoichiometry),Te (Stoichiometry),Sb (Stoichiometry)
0,110.80,119.53,120.50,109.26,7.7,82.6,9.7,1.33,8.15,1.00
1,104.76,119.38,120.50,124.84,5.6,86.1,8.3,1.14,9.90,1.00
2,98.84,119.29,120.50,146.55,4.3,87.9,7.7,1.00,11.60,1.07
3,92.92,119.20,120.50,167.94,3.0,90.3,6.7,1.00,17.10,1.32
4,86.87,119.11,120.50,191.50,2.4,91.2,6.4,1.00,21.62,1.58
5,122.79,113.72,120.50,76.44,16.8,70.0,13.3,2.12,5.04,1.00
6,116.75,113.63,120.50,87.86,12.2,75.4,12.4,1.66,5.81,1.00
7,110.89,113.54,120.50,100.89,9.3,79.5,11.2,1.40,6.79,1.00
8,104.91,113.45,120.50,115.35,6.7,83.2,10.1,1.12,7.85,1.00
9,98.93,113.37,120.50,135.28,5.1,85.6,9.3,1.00,9.54,1.09
10,93.00,113.28,120.50,153.25,3.8,87.7,8.5,1.00,12.97,1.31
11,80.98,113.10,120.50,0.00,0.0,89.6,10.4,0.00,8.20,1.00
12,87.02,113.13,120.50,167.64,2.9,89.3,7.8,1.00,17.29,1.58
13,75.00,113.01,120.50,0.00,0.0,77.9,22.1,0.00,3.36,1.00
14,128.86,107.89,120.50,64.99,26.2,59.0,14.8,2.96,3.79,1.00
15,122.88,107.74,120.50,74.39,19.4,65.1,15.5,2.10,4.01,1.00
16,116.90,107.65,120.50,83.73,15.0,70.8,14.3,1.76,4.73,1.00
17,110.98,107.56,120.50,93.69,11.2,75.4,13.5,1.39,5.34,1.00
18,105.00,107.47,120.50,108.03,8.2,79.7,12.0,1.14,6.32,1.00
19,99.01,107.38,120.50,122.58,6.2,82.3,11.4,1.00,7.50,1.09
20,93.03,107.30,120.50,137.98,4.6,85.2,10.1,1.00,10.47,1.30
21,87.11,107.21,120.50,149.44,3.7,87.3,9.0,1.00,13.33,1.43
22,81.07,107.12,120.50,165.54,2.9,88.3,8.8,1.00,17.51,1.83
23,75.09,107.03,120.50,0.00,0.0,90.3,9.7,0.00,8.92,1.00
24,69.10,106.94,120.50,0.00,0.0,80.3,19.7,0.00,3.90,1.00
25,134.93,102.00,120.50,61.87,36.9,44.8,18.3,3.38,2.34,1.00
26,122.91,101.82,120.50,71.44,22.6,59.2,18.2,2.08,3.11,1.00
27,128.89,101.84,120.50,66.59,29.1,51.9,19.0,2.57,2.61,1.00
28,116.99,101.67,120.50,79.77,17.1,66.1,16.8,1.70,3.75,1.00
29,111.07,101.58,120.50,88.24,13.1,70.7,16.2,1.35,4.16,1.00
30,105.08,101.49,120.50,100.21,9.9,74.9,15.1,1.10,4.72,1.00
31,99.10,101.40,120.50,115.03,7.5,78.1,14.5,1.00,5.96,1.16
32,93.12,101.31,120.50,126.60,5.4,81.8,12.7,1.00,8.57,1.40
33,87.20,101.22,120.50,137.73,4.3,84.4,11.3,1.00,11.24,1.58
34,81.16,101.14,120.50,151.74,3.3,86.9,9.7,1.00,14.80,1.73
35,75.17,101.05,120.50,162.78,2.8,87.9,9.3,1.00,17.59,1.95
36,69.25,100.96,120.50,0.00,0.0,89.5,10.5,0.00,8.10,1.00
37,63.21,100.87,120.50,0.00,0.0,72.8,27.2,0.00,2.55,1.00
38,135.02,96.01,120.50,63.78,41.5,38.6,19.9,3.50,1.85,1.00
39,128.98,95.92,120.50,66.19,32.8,46.2,21.0,2.61,2.10,1.00
40,123.06,95.84,120.50,70.33,25.9,53.4,20.7,2.10,2.46,1.00
41,117.08,95.75,120.50,76.53,20.4,60.5,19.1,1.79,3.03,1.00
42,111.16,95.66,120.50,83.52,15.3,64.9,19.7,1.30,3.14,1.00
43,99.19,95.48,120.50,104.15,8.8,74.0,17.2,1.00,4.76,1.16
44,105.17,95.51,120.50,93.51,11.6,70.0,18.5,1.05,3.62,1.00
45,93.21,95.33,120.50,114.68,6.8,77.7,15.6,1.00,6.53,1.37
46,81.31,95.22,120.50,138.51,4.0,82.6,13.5,1.00,11.86,2.03
47,87.23,95.24,120.50,127.09,5.2,80.5,14.3,1.00,8.85,1.65
48,75.26,95.07,120.50,147.68,3.1,85.1,11.7,1.00,15.50,2.24
49,69.34,94.98,120.50,0.00,0.0,88.3,11.7,0.00,7.21,1.00
50,63.30,94.89,120.50,0.00,0.0,86.2,13.8,0.00,5.96,1.00
51,135.11,90.09,120.50,65.74,44.0,33.9,22.1,3.33,1.46,1.00
52,141.09,90.12,120.50,66.30,52.0,27.8,20.2,4.31,1.31,1.00
53,129.01,89.94,120.50,67.90,35.9,40.7,23.4,2.57,1.66,1.00
54,123.15,89.85,120.50,69.74,28.5,47.2,24.3,1.97,1.85,1.00
55,117.16,89.76,120.50,74.38,22.9,53.5,23.6,1.62,2.16,1.00
56,111.24,89.68,120.50,80.12,17.8,58.6,23.6,1.27,2.37,1.00
57,105.20,89.59,120.50,88.26,13.3,64.2,22.4,1.00,2.74,1.00
58,99.28,89.50,120.50,96.28,10.1,68.9,20.9,1.00,3.87,1.23
59,93.30,89.35,120.50,105.49,7.7,71.8,20.5,1.00,5.34,1.60
60,81.33,89.23,120.50,124.38,4.7,79.2,16.1,1.00,9.60,2.04
61,87.32,89.26,120.50,116.16,6.0,75.5,18.4,1.00,7.11,1.82
62,75.35,89.08,120.50,133.03,4.0,81.2,14.8,1.00,11.66,2.23
63,63.39,88.97,120.50,0.00,0.0,85.9,14.1,0.00,5.81,1.00
64,69.37,88.99,120.50,0.00,0.0,85.0,15.0,0.00,5.42,1.00
65,57.47,88.82,120.50,0.00,0.0,86.9,13.1,0.00,6.33,1.00
66,141.18,84.20,120.50,70.43,53.6,23.5,22.8,4.00,1.00,1.02
67,135.20,84.11,120.50,69.75,46.0,28.5,25.5,3.03,1.07,1.00
68,129.22,83.96,120.50,70.85,37.5,35.4,27.0,2.33,1.25,1.00
69,123.24,83.87,120.50,71.19,31.2,40.6,28.3,1.85,1.37,1.00
70,117.25,83.78,120.50,76.30,24.3,46.1,29.7,1.37,1.48,1.00
71,111.33,83.69,120.50,78.01,19.5,52.1,28.4,1.15,1.75,1.00
72,105.35,83.61,120.50,84.27,14.8,57.6,27.6,1.00,2.21,1.11
73,99.37,83.52,120.50,90.81,11.4,62.1,26.5,1.00,3.09,1.39
74,93.45,83.43,120.50,96.73,9.2,65.2,25.6,1.00,4.03,1.66
75,87.47,83.34,120.50,106.48,6.9,69.4,23.6,1.00,5.69,2.03
76,81.42,83.25,120.50,114.19,5.3,73.3,21.4,1.00,7.85,2.40
77,75.44,83.16,120.50,123.10,4.3,76.0,19.7,1.00,10.01,2.72
78,69.52,83.07,120.50,0.00,0.0,80.1,19.9,0.00,3.83,1.00
79,63.48,82.99,120.50,0.00,0.0,81.9,18.1,0.00,4.32,1.00
80,57.62,82.84,120.50,0.00,0.0,84.4,15.6,0.00,5.17,1.00
81,141.27,78.22,120.50,76.33,53.9,20.5,25.6,4.61,1.00,1.31
82,135.23,78.13,120.50,73.50,47.7,24.5,27.8,3.42,1.00,1.19
83,129.31,77.98,120.50,72.51,40.1,29.5,30.4,2.39,1.00,1.08
84,123.32,77.89,120.50,73.25,32.8,34.5,32.7,1.68,1.01,1.00
85,117.40,77.80,120.50,75.67,26.0,39.5,34.5,1.26,1.09,1.00
86,111.42,77.71,120.50,78.87,20.8,45.0,34.2,1.02,1.25,1.00
87,105.44,77.62,120.50,81.63,16.3,49.7,34.0,1.00,1.73,1.24
88,99.46,77.53,120.50,88.03,12.8,54.8,32.4,1.00,2.44,1.51
89,93.54,77.45,120.50,93.49,9.8,58.7,31.4,1.00,3.40,1.91
90,87.55,77.36,120.50,99.04,7.9,62.7,29.4,1.00,4.53,2.22
91,81.51,77.27,120.50,105.35,6.0,66.7,27.3,1.00,6.36,2.73
92,75.53,77.18,120.50,112.79,5.0,70.1,24.9,1.00,7.93,2.94
93,69.61,77.09,120.50,116.22,3.9,72.9,23.2,1.00,10.72,3.57
94,63.63,77.00,120.50,0.00,0.0,76.9,23.1,0.00,3.17,1.00
95,57.64,76.91,120.50,0.00,0.0,79.1,20.9,0.00,3.61,1.00
96,141.36,72.23,120.50,80.86,55.2,16.6,28.2,5.83,1.00,1.77
97,135.38,72.15,120.50,79.32,47.7,20.5,31.8,4.08,1.00,1.62
98,129.39,72.06,120.50,78.28,39.9,25.1,35.0,2.80,1.00,1.46
99,123.41,71.97,120.50,77.84,33.0,29.0,38.0,2.00,1.00,1.37
100,117.43,71.82,120.50,80.04,26.9,34.0,39.1,1.39,1.00,1.21
101,111.45,71.73,120.50,80.59,21.5,37.8,40.7,1.00,1.00,1.13
102,105.53,71.64,120.50,83.69,17.3,42.2,40.4,1.00,1.39,1.39
103,99.55,71.55,120.50,86.98,13.7,46.3,40.0,1.00,1.93,1.74
104,93.56,71.46,120.50,91.61,10.7,50.5,38.9,1.00,2.70,2.18
105,87.64,71.38,120.50,97.46,8.3,55.0,36.7,1.00,3.76,2.63
106,81.60,71.29,120.50,102.84,6.8,58.5,34.8,1.00,4.93,3.07
107,75.62,71.20,120.50,104.99,5.2,62.1,32.7,1.00,6.85,3.79
108,69.70,71.11,120.50,108.56,4.3,65.7,30.0,1.00,8.62,4.13
109,63.71,71.02,120.50,0.00,0.0,69.5,30.5,0.00,2.17,1.00
110,57.73,70.93,120.50,0.00,0.0,72.6,27.4,0.00,2.53,1.00
111,141.45,66.25,120.50,83.39,58.0,14.3,27.7,7.10,1.00,2.02
112,135.53,66.16,120.50,84.51,46.6,17.2,36.2,4.76,1.00,2.21
113,129.48,66.07,120.50,83.50,38.9,20.4,40.7,3.34,1.00,2.09
114,123.50,65.99,120.50,82.93,32.4,23.5,44.1,2.43,1.00,1.97
115,117.52,65.84,120.50,85.03,25.9,27.8,46.3,1.64,1.00,1.75
116,105.62,65.72,120.50,87.13,17.0,34.9,48.1,1.00,1.17,1.69
117,111.60,65.75,120.50,85.68,21.3,31.0,47.7,1.21,1.00,1.61
118,99.63,65.57,120.50,90.11,13.7,38.1,48.2,1.00,1.58,2.09
119,87.73,65.46,120.50,97.21,8.4,45.8,45.8,1.00,3.10,3.24
120,93.65,65.48,120.50,92.56,10.7,42.5,46.8,1.00,2.26,2.61
121,81.69,65.30,120.50,100.33,6.8,50.3,42.9,1.00,4.24,3.79
122,75.71,65.22,120.50,102.07,5.7,53.9,40.4,1.00,5.41,4.25
123,69.79,65.13,120.50,105.17,4.5,58.0,37.5,1.00,7.38,4.99
124,63.68,65.04,120.50,0.00,0.0,61.8,38.2,0.00,1.54,1.00
125,57.82,64.95,120.50,0.00,0.0,64.0,36.0,0.00,1.70,1.00
126,135.55,60.18,120.50,79.32,40.9,16.8,42.3,4.27,1.00,2.64
127,123.59,60.07,120.50,92.18,30.7,20.1,49.2,2.68,1.00,2.57
128,129.51,60.09,120.50,90.87,36.6,17.0,46.4,3.77,1.00,2.85
129,117.67,59.92,120.50,92.72,24.8,22.2,53.1,1.96,1.00,2.51
130,111.69,59.83,120.50,93.49,20.2,24.7,55.1,1.44,1.00,2.34
131,105.70,59.74,120.50,95.07,16.2,27.3,56.5,1.04,1.00,2.17
132,99.72,59.65,120.50,96.82,13.1,30.9,56.0,1.00,1.34,2.54
133,93.74,59.56,120.50,98.84,10.4,34.0,55.6,1.00,1.86,3.18
134,87.82,59.47,120.50,101.65,8.0,37.8,54.2,1.00,2.69,4.04
135,81.84,59.38,120.50,101.72,6.5,41.4,52.1,1.00,3.63,4.79
136,75.79,59.30,120.50,102.33,5.6,44.2,50.2,1.00,4.50,5.35
137,69.87,59.21,120.50,102.67,4.6,47.7,47.7,1.00,5.92,6.20
138,63.77,59.12,120.50,0.00,0.0,51.5,48.5,0.00,1.01,1.00
139,135.70,54.20,120.50,0.00,0.0,41.9,58.1,0.00,1.00,1.45
140,129.60,54.11,120.50,91.44,32.6,14.9,52.5,3.84,1.00,3.69
141,123.68,54.02,120.50,101.19,28.2,15.8,56.0,3.14,1.00,3.72
142,117.70,53.93,120.50,101.83,23.3,17.0,59.6,2.41,1.00,3.67
143,111.78,53.84,120.50,103.80,18.3,19.3,62.4,1.66,1.00,3.38
144,105.79,53.76,120.50,105.07,14.9,21.7,63.5,1.21,1.00,3.07
145,99.81,53.67,120.50,106.40,11.8,24.1,64.1,1.00,1.16,3.23
146,93.83,53.58,120.50,106.71,9.7,26.6,63.7,1.00,1.56,3.91
147,87.91,53.49,120.50,107.32,7.9,29.1,63.0,1.00,2.09,4.76
148,81.93,53.40,120.50,108.75,6.3,32.1,61.6,1.00,2.88,5.79
149,75.88,53.31,120.50,108.41,5.1,35.6,59.3,1.00,3.94,6.88
150,69.96,53.22,120.50,106.22,4.3,38.4,57.3,1.00,5.03,7.86
151,63.86,53.14,120.50,0.00,0.0,41.5,58.5,0.00,1.00,1.48
152,123.77,48.10,120.50,101.96,26.2,13.8,60.0,3.35,1.00,4.57
153,129.75,48.13,120.50,44.31,16.4,32.7,50.9,1.00,1.14,1.85
154,117.85,47.95,120.50,115.74,20.5,13.8,65.8,2.61,1.00,5.01
155,111.86,47.86,120.50,118.32,16.2,15.2,68.6,1.87,1.00,4.73
156,105.88,47.77,120.50,120.51,13.2,16.6,70.2,1.39,1.00,4.44
157,99.90,47.69,120.50,122.68,10.4,18.4,71.2,1.00,1.01,4.08
158,93.92,47.60,120.50,121.63,8.4,20.6,71.0,1.00,1.39,5.02
159,87.94,47.51,120.50,122.08,6.7,22.1,71.2,1.00,1.86,6.30
160,81.95,47.42,120.50,120.21,5.5,24.0,70.6,1.00,2.50,7.72
161,75.97,47.33,120.50,118.76,4.7,25.9,69.4,1.00,3.17,8.88
162,69.99,47.24,120.50,113.89,4.0,28.8,67.2,1.00,4.08,9.99
163,123.86,42.12,120.50,31.97,16.7,46.8,36.6,1.00,1.60,1.31
164,117.81,42.03,120.50,124.95,15.9,11.5,72.6,2.44,1.00,6.62
165,111.95,41.94,120.50,136.48,13.6,11.0,75.4,2.16,1.00,7.16
166,99.99,41.76,120.50,140.21,8.8,14.2,77.0,1.09,1.00,5.69
167,105.97,41.79,120.50,138.78,11.1,12.6,76.3,1.55,1.00,6.33
168,94.01,41.68,120.50,139.07,7.2,14.9,77.9,1.00,1.18,6.46
169,88.09,41.59,120.50,140.90,5.7,16.3,78.1,1.00,1.63,8.20
170,82.04,41.44,120.50,136.95,4.7,18.3,77.0,1.00,2.22,9.80
171,76.06,41.35,120.50,133.86,3.9,19.9,76.1,1.00,2.88,11.52
172,112.04,35.96,120.50,159.13,9.8,9.5,80.7,1.82,1.00,8.92
173,106.06,35.87,120.50,162.39,9.4,9.6,81.0,1.71,1.00,8.84
174,100.08,35.78,120.50,161.54,7.5,10.4,82.1,1.27,1.00,8.26
175,94.09,35.69,120.50,162.83,6.1,11.6,82.3,1.00,1.09,8.09
176,88.17,35.61,120.50,161.88,4.6,11.9,83.5,1.00,1.49,10.95
Mean,99.45,77.54,120.50,89.77,14.2,50.9,34.9,1.42,4.15,2.58