Point,X (mm),Y (mm),Z (mm),Thickness (nm),Ge (Weight %),Te (Weight %),Sb (Weight %),Ge (Stoichiometry),Te (Stoichiometry),Sb (Stoichiometry)
0,110.8,119.53,120.5,32.78127813,7.7,82.6,9.7,1.33,8.15,1
1,104.76,119.38,120.5,37.45574557,5.6,86.1,8.3,1.14,9.9,1
2,98.84,119.29,120.5,43.96939694,4.3,87.9,7.7,1,11.6,1.07
3,92.92,119.2,120.5,50.3870387,3,90.3,6.7,1,17.1,1.32
4,86.87,119.11,120.5,57.45574557,2.4,91.2,6.4,1,21.62,1.58
5,122.79,113.72,120.5,22.93429343,16.8,70,13.3,2.12,5.04,1
6,116.75,113.63,120.5,26.36063606,12.2,75.4,12.4,1.66,5.81,1
7,110.89,113.54,120.5,30.270027,9.3,79.5,11.2,1.4,6.79,1
8,104.91,113.45,120.5,34.60846085,6.7,83.2,10.1,1.12,7.85,1
9,98.93,113.37,120.5,40.58805881,5.1,85.6,9.3,1,9.54,1.09
10,93,113.28,120.5,45.97959796,3.8,87.7,8.5,1,12.97,1.31
11,80.98,113.1,120.5,0.1,0,89.6,10.4,0,8.2,1
12,87.02,113.13,120.5,50.2970297,2.9,89.3,7.8,1,17.29,1.58
13,75,113.01,120.5,0.1,0,77.9,22.1,0,3.36,1
14,128.86,107.89,120.5,19.49894989,26.2,59,14.8,2.96,3.79,1
15,122.88,107.74,120.5,22.31923192,19.4,65.1,15.5,2.1,4.01,1
16,116.9,107.65,120.5,25.12151215,15,70.8,14.3,1.76,4.73,1
17,110.98,107.56,120.5,28.10981098,11.2,75.4,13.5,1.39,5.34,1
18,105,107.47,120.5,32.41224122,8.2,79.7,12,1.14,6.32,1
19,99.01,107.38,120.5,36.77767777,6.2,82.3,11.4,1,7.5,1.09
20,93.03,107.3,120.5,41.39813981,4.6,85.2,10.1,1,10.47,1.3
21,87.11,107.21,120.5,44.83648365,3.7,87.3,9,1,13.33,1.43
22,81.07,107.12,120.5,49.6669667,2.9,88.3,8.8,1,17.51,1.83
23,75.09,107.03,120.5,0.1,0,90.3,9.7,0,8.92,1
24,69.1,106.94,120.5,0.1,0,80.3,19.7,0,3.9,1
25,134.93,102,120.5,18.56285629,36.9,44.8,18.3,3.38,2.34,1
26,122.91,101.82,120.5,21.43414341,22.6,59.2,18.2,2.08,3.11,1
27,128.89,101.84,120.5,19.9789979,29.1,51.9,19,2.57,2.61,1
28,116.99,101.67,120.5,23.93339334,17.1,66.1,16.8,1.7,3.75,1
29,111.07,101.58,120.5,26.47464746,13.1,70.7,16.2,1.35,4.16,1
30,105.08,101.49,120.5,30.0660066,9.9,74.9,15.1,1.1,4.72,1
31,99.1,101.4,120.5,34.51245125,7.5,78.1,14.5,1,5.96,1.16
32,93.12,101.31,120.5,37.98379838,5.4,81.8,12.7,1,8.57,1.4
33,87.2,101.22,120.5,41.32313231,4.3,84.4,11.3,1,11.24,1.58
34,81.16,101.14,120.5,45.52655266,3.3,86.9,9.7,1,14.8,1.73
35,75.17,101.05,120.5,48.83888389,2.8,87.9,9.3,1,17.59,1.95
36,69.25,100.96,120.5,0.1,0,89.5,10.5,0,8.1,1
37,63.21,100.87,120.5,0.1,0,72.8,27.2,0,2.55,1
38,135.02,96.01,120.5,19.13591359,41.5,38.6,19.9,3.5,1.85,1
39,128.98,95.92,120.5,19.8589859,32.8,46.2,21,2.61,2.1,1
40,123.06,95.84,120.5,21.10111011,25.9,53.4,20.7,2.1,2.46,1
41,117.08,95.75,120.5,22.96129613,20.4,60.5,19.1,1.79,3.03,1
42,111.16,95.66,120.5,25.05850585,15.3,64.9,19.7,1.3,3.14,1
43,99.19,95.48,120.5,31.24812481,8.8,74,17.2,1,4.76,1.16
44,105.17,95.51,120.5,28.05580558,11.6,70,18.5,1.05,3.62,1
45,93.21,95.33,120.5,34.40744074,6.8,77.7,15.6,1,6.53,1.37
46,81.31,95.22,120.5,41.55715572,4,82.6,13.5,1,11.86,2.03
47,87.23,95.24,120.5,38.13081308,5.2,80.5,14.3,1,8.85,1.65
48,75.26,95.07,120.5,44.30843084,3.1,85.1,11.7,1,15.5,2.24
49,69.34,94.98,120.5,0.1,0,88.3,11.7,0,7.21,1
50,63.3,94.89,120.5,0.1,0,86.2,13.8,0,5.96,1
51,135.11,90.09,120.5,19.7239724,44,33.9,22.1,3.33,1.46,1
52,141.09,90.12,120.5,19.8919892,52,27.8,20.2,4.31,1.31,1
53,129.01,89.94,120.5,20.3720372,35.9,40.7,23.4,2.57,1.66,1
54,123.15,89.85,120.5,20.92409241,28.5,47.2,24.3,1.97,1.85,1
55,117.16,89.76,120.5,22.31623162,22.9,53.5,23.6,1.62,2.16,1
56,111.24,89.68,120.5,24.03840384,17.8,58.6,23.6,1.27,2.37,1
57,105.2,89.59,120.5,26.48064806,13.3,64.2,22.4,1,2.74,1
58,99.28,89.5,120.5,28.88688869,10.1,68.9,20.9,1,3.87,1.23
59,93.3,89.35,120.5,31.65016502,7.7,71.8,20.5,1,5.34,1.6
60,81.33,89.23,120.5,37.31773177,4.7,79.2,16.1,1,9.6,2.04
61,87.32,89.26,120.5,34.85148515,6,75.5,18.4,1,7.11,1.82
62,75.35,89.08,120.5,39.9129913,4,81.2,14.8,1,11.66,2.23
63,63.39,88.97,120.5,0.1,0,85.9,14.1,0,5.81,1
64,69.37,88.99,120.5,0.1,0,85,15,0,5.42,1
65,57.47,88.82,120.5,0.1,0,86.9,13.1,0,6.33,1
66,141.18,84.2,120.5,21.13111311,53.6,23.5,22.8,4,1,1.02
67,135.2,84.11,120.5,20.92709271,46,28.5,25.5,3.03,1.07,1
68,129.22,83.96,120.5,21.25712571,37.5,35.4,27,2.33,1.25,1
69,123.24,83.87,120.5,21.35913591,31.2,40.6,28.3,1.85,1.37,1
70,117.25,83.78,120.5,22.89228923,24.3,46.1,29.7,1.37,1.48,1
71,111.33,83.69,120.5,23.40534053,19.5,52.1,28.4,1.15,1.75,1
72,105.35,83.61,120.5,25.28352835,14.8,57.6,27.6,1,2.21,1.11
73,99.37,83.52,120.5,27.24572457,11.4,62.1,26.5,1,3.09,1.39
74,93.45,83.43,120.5,29.02190219,9.2,65.2,25.6,1,4.03,1.66
75,87.47,83.34,120.5,31.94719472,6.9,69.4,23.6,1,5.69,2.03
76,81.42,83.25,120.5,34.26042604,5.3,73.3,21.4,1,7.85,2.4
77,75.44,83.16,120.5,36.93369337,4.3,76,19.7,1,10.01,2.72
78,69.52,83.07,120.5,0.1,0,80.1,19.9,0,3.83,1
79,63.48,82.99,120.5,0.1,0,81.9,18.1,0,4.32,1
80,57.62,82.84,120.5,0.1,0,84.4,15.6,0,5.17,1
81,141.27,78.22,120.5,22.90129013,53.9,20.5,25.6,4.61,1,1.31
82,135.23,78.13,120.5,22.05220522,47.7,24.5,27.8,3.42,1,1.19
83,129.31,77.98,120.5,21.75517552,40.1,29.5,30.4,2.39,1,1.08
84,123.32,77.89,120.5,21.97719772,32.8,34.5,32.7,1.68,1.01,1
85,117.4,77.8,120.5,22.70327033,26,39.5,34.5,1.26,1.09,1
86,111.42,77.71,120.5,23.66336634,20.8,45,34.2,1.02,1.25,1
87,105.44,77.62,120.5,24.49144914,16.3,49.7,34,1,1.73,1.24
88,99.46,77.53,120.5,26.41164116,12.8,54.8,32.4,1,2.44,1.51
89,93.54,77.45,120.5,28.04980498,9.8,58.7,31.4,1,3.4,1.91
90,87.55,77.36,120.5,29.7149715,7.9,62.7,29.4,1,4.53,2.22
91,81.51,77.27,120.5,31.60816082,6,66.7,27.3,1,6.36,2.73
92,75.53,77.18,120.5,33.84038404,5,70.1,24.9,1,7.93,2.94
93,69.61,77.09,120.5,34.86948695,3.9,72.9,23.2,1,10.72,3.57
94,63.63,77,120.5,0.1,0,76.9,23.1,0,3.17,1
95,57.64,76.91,120.5,0.1,0,79.1,20.9,0,3.61,1
96,141.36,72.23,120.5,24.26042604,55.2,16.6,28.2,5.83,1,1.77
97,135.38,72.15,120.5,23.79837984,47.7,20.5,31.8,4.08,1,1.62
98,129.39,72.06,120.5,23.48634863,39.9,25.1,35,2.8,1,1.46
99,123.41,71.97,120.5,23.35433543,33,29,38,2,1,1.37
100,117.43,71.82,120.5,24.01440144,26.9,34,39.1,1.39,1,1.21
101,111.45,71.73,120.5,24.17941794,21.5,37.8,40.7,1,1,1.13
102,105.53,71.64,120.5,25.10951095,17.3,42.2,40.4,1,1.39,1.39
103,99.55,71.55,120.5,26.09660966,13.7,46.3,40,1,1.93,1.74
104,93.56,71.46,120.5,27.48574857,10.7,50.5,38.9,1,2.7,2.18
105,87.64,71.38,120.5,29.24092409,8.3,55,36.7,1,3.76,2.63
106,81.6,71.29,120.5,30.85508551,6.8,58.5,34.8,1,4.93,3.07
107,75.62,71.2,120.5,31.50015002,5.2,62.1,32.7,1,6.85,3.79
108,69.7,71.11,120.5,32.57125713,4.3,65.7,30,1,8.62,4.13
109,63.71,71.02,120.5,0.1,0,69.5,30.5,0,2.17,1
110,57.73,70.93,120.5,0.1,0,72.6,27.4,0,2.53,1
111,141.45,66.25,120.5,25.01950195,58,14.3,27.7,7.1,1,2.02
112,135.53,66.16,120.5,25.35553555,46.6,17.2,36.2,4.76,1,2.21
113,129.48,66.07,120.5,25.05250525,38.9,20.4,40.7,3.34,1,2.09
114,123.5,65.99,120.5,24.88148815,32.4,23.5,44.1,2.43,1,1.97
115,117.52,65.84,120.5,25.51155116,25.9,27.8,46.3,1.64,1,1.75
116,105.62,65.72,120.5,26.14161416,17,34.9,48.1,1,1.17,1.69
117,111.6,65.75,120.5,25.70657066,21.3,31,47.7,1.21,1,1.61
118,99.63,65.57,120.5,27.03570357,13.7,38.1,48.2,1,1.58,2.09
119,87.73,65.46,120.5,29.16591659,8.4,45.8,45.8,1,3.1,3.24
120,93.65,65.48,120.5,27.77077708,10.7,42.5,46.8,1,2.26,2.61
121,81.69,65.3,120.5,30.1020102,6.8,50.3,42.9,1,4.24,3.79
122,75.71,65.22,120.5,30.62406241,5.7,53.9,40.4,1,5.41,4.25
123,69.79,65.13,120.5,31.55415542,4.5,58,37.5,1,7.38,4.99
124,63.68,65.04,120.5,0.1,0,61.8,38.2,0,1.54,1
125,57.82,64.95,120.5,0.1,0,64,36,0,1.7,1
126,135.55,60.18,120.5,23.79837984,40.9,16.8,42.3,4.27,1,2.64
127,123.59,60.07,120.5,27.65676568,30.7,20.1,49.2,2.68,1,2.57
128,129.51,60.09,120.5,27.26372637,36.6,17,46.4,3.77,1,2.85
129,117.67,59.92,120.5,27.81878188,24.8,22.2,53.1,1.96,1,2.51
130,111.69,59.83,120.5,28.04980498,20.2,24.7,55.1,1.44,1,2.34
131,105.7,59.74,120.5,28.52385239,16.2,27.3,56.5,1.04,1,2.17
132,99.72,59.65,120.5,29.04890489,13.1,30.9,56,1,1.34,2.54
133,93.74,59.56,120.5,29.6549655,10.4,34,55.6,1,1.86,3.18
134,87.82,59.47,120.5,30.4980498,8,37.8,54.2,1,2.69,4.04
135,81.84,59.38,120.5,30.51905191,6.5,41.4,52.1,1,3.63,4.79
136,75.79,59.3,120.5,30.70207021,5.6,44.2,50.2,1,4.5,5.35
137,69.87,59.21,120.5,30.80408041,4.6,47.7,47.7,1,5.92,6.2
138,63.77,59.12,120.5,0.1,0,51.5,48.5,0,1.01,1
139,135.7,54.2,120.5,0.1,0,41.9,58.1,0,1,1.45
140,129.6,54.11,120.5,27.43474347,32.6,14.9,52.5,3.84,1,3.69
141,123.68,54.02,120.5,30.360036,28.2,15.8,56,3.14,1,3.72
142,117.7,53.93,120.5,30.55205521,23.3,17,59.6,2.41,1,3.67
143,111.78,53.84,120.5,31.14311431,18.3,19.3,62.4,1.66,1,3.38
144,105.79,53.76,120.5,31.52415242,14.9,21.7,63.5,1.21,1,3.07
145,99.81,53.67,120.5,31.92319232,11.8,24.1,64.1,1,1.16,3.23
146,93.83,53.58,120.5,32.01620162,9.7,26.6,63.7,1,1.56,3.91
147,87.91,53.49,120.5,32.19921992,7.9,29.1,63,1,2.09,4.76
148,81.93,53.4,120.5,32.62826283,6.3,32.1,61.6,1,2.88,5.79
149,75.88,53.31,120.5,32.52625263,5.1,35.6,59.3,1,3.94,6.88
150,69.96,53.22,120.5,31.86918692,4.3,38.4,57.3,1,5.03,7.86
151,63.86,53.14,120.5,0.1,0,41.5,58.5,0,1,1.48
152,123.77,48.1,120.5,30.59105911,26.2,13.8,60,3.35,1,4.57
153,129.75,48.13,120.5,13.29432943,16.4,32.7,50.9,1,1.14,1.85
154,117.85,47.95,120.5,34.72547255,20.5,13.8,65.8,2.61,1,5.01
155,111.86,47.86,120.5,35.49954995,16.2,15.2,68.6,1.87,1,4.73
156,105.88,47.77,120.5,36.15661566,13.2,16.6,70.2,1.39,1,4.44
157,99.9,47.69,120.5,36.80768077,10.4,18.4,71.2,1,1.01,4.08
158,93.92,47.6,120.5,36.49264926,8.4,20.6,71,1,1.39,5.02
159,87.94,47.51,120.5,36.62766277,6.7,22.1,71.2,1,1.86,6.3
160,81.95,47.42,120.5,36.06660666,5.5,24,70.6,1,2.5,7.72
161,75.97,47.33,120.5,35.63156316,4.7,25.9,69.4,1,3.17,8.88
162,69.99,47.24,120.5,34.17041704,4,28.8,67.2,1,4.08,9.99
163,123.86,42.12,120.5,9.591959196,16.7,46.8,36.6,1,1.6,1.31
164,117.81,42.03,120.5,37.48874887,15.9,11.5,72.6,2.44,1,6.62
165,111.95,41.94,120.5,40.94809481,13.6,11,75.4,2.16,1,7.16
166,99.99,41.76,120.5,42.06720672,8.8,14.2,77,1.09,1,5.69
167,105.97,41.79,120.5,41.63816382,11.1,12.6,76.3,1.55,1,6.33
168,94.01,41.68,120.5,41.72517252,7.2,14.9,77.9,1,1.18,6.46
169,88.09,41.59,120.5,42.27422742,5.7,16.3,78.1,1,1.63,8.2
170,82.04,41.44,120.5,41.08910891,4.7,18.3,77,1,2.22,9.8
171,76.06,41.35,120.5,40.1620162,3.9,19.9,76.1,1,2.88,11.52
172,112.04,35.96,120.5,47.74377438,9.8,9.5,80.7,1.82,1,8.92
173,106.06,35.87,120.5,48.72187219,9.4,9.6,81,1.71,1,8.84
174,100.08,35.78,120.5,48.46684668,7.5,10.4,82.1,1.27,1,8.26
175,94.09,35.69,120.5,48.85388539,6.1,11.6,82.3,1,1.09,8.09
176,88.17,35.61,120.5,48.56885689,4.6,11.9,83.5,1,1.49,10.95
Mean,99.45,77.54,120.5,26.93369337,14.2,50.9,34.9,1.42,4.15,2.58
